{"freq":{"0":0.0,"1":0.0106382979,"2":0.0212765957,"3":0.0319148936,"4":0.0425531915,"5":0.0531914894,"6":0.0638297872,"7":0.0744680851,"8":0.085106383,"9":0.0957446809,"10":0.1063829787,"11":0.1170212766,"12":0.1276595745,"13":0.1382978723,"14":0.1489361702,"15":0.1595744681,"16":0.170212766,"17":0.1808510638,"18":0.1914893617,"19":0.2021276596,"20":0.2127659574,"21":0.2234042553,"22":0.2340425532,"23":0.2446808511,"24":0.2553191489},"power":{"0":128.0141537792,"1":220.308348397,"2":107.7837048794,"3":8.7676325872,"4":0.3991422335,"5":0.463591817,"6":0.0003726506,"7":0.2484352765,"8":0.1322886352,"9":0.1016485414,"10":0.0130426921,"11":0.1136689045,"12":0.0989150152,"13":0.0184471274,"14":0.033350188,"15":0.0325010341,"16":0.0734000437,"17":0.0155428803,"18":0.0402440712,"19":0.0325945807,"20":0.0387879633,"21":0.0275619563,"22":0.011677837,"23":0.03907948,"24":0.009308425}}