{"freq":{"0":0.0,"1":0.0106382979,"2":0.0212765957,"3":0.0319148936,"4":0.0425531915,"5":0.0531914894,"6":0.0638297872,"7":0.0744680851,"8":0.085106383,"9":0.0957446809,"10":0.1063829787,"11":0.1170212766,"12":0.1276595745,"13":0.1382978723,"14":0.1489361702,"15":0.1595744681,"16":0.170212766,"17":0.1808510638,"18":0.1914893617,"19":0.2021276596,"20":0.2127659574,"21":0.2234042553,"22":0.2340425532,"23":0.2446808511,"24":0.2553191489},"power":{"0":7345.6703289742,"1":5094.9476244352,"2":220.9529062565,"3":169.7496384029,"4":78.7901620959,"5":71.5921851852,"6":88.9583422955,"7":50.0059389897,"8":31.2144411897,"9":27.1708677731,"10":37.3823185497,"11":13.271962547,"12":17.1430626436,"13":16.5056334731,"14":13.9346555303,"15":12.4419468694,"16":9.3912982294,"17":17.8277865489,"18":12.4537537932,"19":7.0909129056,"20":8.3159224584,"21":9.557207136,"22":9.8718092632,"23":9.5831563554,"24":3.4198170966}}