{"freq":{"0":0.0,"1":0.0106382979,"2":0.0212765957,"3":0.0319148936,"4":0.0425531915,"5":0.0531914894,"6":0.0638297872,"7":0.0744680851,"8":0.085106383,"9":0.0957446809,"10":0.1063829787,"11":0.1170212766,"12":0.1276595745,"13":0.1382978723,"14":0.1489361702,"15":0.1595744681,"16":0.170212766,"17":0.1808510638,"18":0.1914893617,"19":0.2021276596,"20":0.2127659574,"21":0.2234042553,"22":0.2340425532,"23":0.2446808511,"24":0.2553191489},"Sxx":{"0":3437.42578125,"1":6689.7244636403,"2":6444.0396130486,"3":5029.1577223432,"4":3615.7075522453,"5":3076.0744919871,"6":2621.4529981399,"7":1961.050735451,"8":1502.1967886471,"9":1153.8333726343,"10":901.468843367,"11":555.3061865445,"12":503.0740740741,"13":453.8089430345,"14":399.8328231414,"15":373.2096586961,"16":350.8919861361,"17":370.576929594,"18":315.5413660993,"19":270.016551977,"20":274.4291459997,"21":257.1069038721,"22":246.3219715826,"23":260.898890991,"24":125.7685185185}}