{"freq":{"0":0.0,"1":0.0108695652,"2":0.0217391304,"3":0.0326086957,"4":0.0434782609,"5":0.0543478261,"6":0.0652173913,"7":0.0760869565,"8":0.0869565217,"9":0.097826087,"10":0.1086956522,"11":0.1195652174,"12":0.1304347826,"13":0.1413043478,"14":0.152173913,"15":0.1630434783,"16":0.1739130435,"17":0.1847826087,"18":0.1956521739,"19":0.2065217391,"20":0.2173913043,"21":0.2282608696,"22":0.2391304348,"23":0.25,"24":0.2608695652,"25":0.2717391304,"26":0.2826086957,"27":0.2934782609,"28":0.3043478261,"29":0.3152173913,"30":0.3260869565,"31":0.3369565217,"32":0.347826087,"33":0.3586956522,"34":0.3695652174,"35":0.3804347826,"36":0.3913043478,"37":0.402173913,"38":0.4130434783,"39":0.4239130435,"40":0.4347826087,"41":0.4456521739,"42":0.4565217391,"43":0.4673913043,"44":0.4782608696,"45":0.4891304348,"46":0.5},"power":{"0":null,"1":null,"2":null,"3":null,"4":null,"5":null,"6":null,"7":null,"8":null,"9":null,"10":null,"11":null,"12":null,"13":null,"14":null,"15":null,"16":null,"17":null,"18":null,"19":null,"20":null,"21":null,"22":null,"23":null,"24":null,"25":null,"26":null,"27":null,"28":null,"29":null,"30":null,"31":null,"32":null,"33":null,"34":null,"35":null,"36":null,"37":null,"38":null,"39":null,"40":null,"41":null,"42":null,"43":null,"44":null,"45":null,"46":null}}