{"freq":{"0":0.0,"1":0.0106382979,"2":0.0212765957,"3":0.0319148936,"4":0.0425531915,"5":0.0531914894,"6":0.0638297872,"7":0.0744680851,"8":0.085106383,"9":0.0957446809,"10":0.1063829787,"11":0.1170212766,"12":0.1276595745,"13":0.1382978723,"14":0.1489361702,"15":0.1595744681,"16":0.170212766,"17":0.1808510638,"18":0.1914893617,"19":0.2021276596,"20":0.2127659574,"21":0.2234042553,"22":0.2340425532,"23":0.2446808511,"24":0.2553191489},"power":{"0":null,"1":null,"2":null,"3":null,"4":null,"5":null,"6":null,"7":null,"8":null,"9":null,"10":null,"11":null,"12":null,"13":null,"14":null,"15":null,"16":null,"17":null,"18":null,"19":null,"20":null,"21":null,"22":null,"23":null,"24":null}}